operation,bytes,total_ms
source_change_100,65520,2.350
source_change_late_100,65520,1.920
native_replacement_lf_100,63960,4.965
native_replacement_crlf_100,65520,4.710
document_100_edits,65520,0.955
string_copy_100_edits,65520,0.135
document_100_textarea_queries,65520,4.180
document_indexed_100_textarea_queries,65520,0.015
document_cold_projection,65520,0.415
document_1000_warm_projections,65520,0.020
string_100_raw_utf16_queries,65520,5.975
source_change_100,2097144,55.655
source_change_late_100,2097144,58.365
native_replacement_lf_100,2047212,116.835
native_replacement_crlf_100,2097144,143.945
document_100_edits,2097144,4.105
string_copy_100_edits,2097144,2.860
document_100_textarea_queries,2097144,124.745
document_indexed_100_textarea_queries,2097144,0.015
document_cold_projection,2097144,4.785
document_1000_warm_projections,2097144,0.015
string_100_raw_utf16_queries,2097144,185.760
source_change_100,16777194,444.020
source_change_late_100,16777194,435.345
native_replacement_lf_100,16377737,983.465
native_replacement_crlf_100,16777194,1150.195
document_100_edits,16777194,33.665
string_copy_100_edits,16777194,27.835
document_100_textarea_queries,16777194,988.165
document_indexed_100_textarea_queries,16777194,0.025
document_cold_projection,16777194,39.220
document_1000_warm_projections,16777194,0.015
string_100_raw_utf16_queries,16777194,1473.865
long_line_document_construction,65522,0.165
long_line_reference_100_textarea_queries,65522,5.010
long_line_indexed_100_textarea_queries,65522,0.135
long_line_cold_projection,65522,0.125
long_line_projection_100_textarea_queries,65522,0.125
long_line_indexed_100_line_columns,65522,0.015
long_line_document_construction,1048574,16.830
long_line_reference_100_textarea_queries,1048574,76.705
long_line_indexed_100_textarea_queries,1048574,0.010
long_line_cold_projection,1048574,2.020
long_line_projection_100_textarea_queries,1048574,0.015
long_line_indexed_100_line_columns,1048574,0.005
glyph_dense_construction,66042,1.965
glyph_sparse_construction,66042,1.485
glyph_dense_1000_queries,66042,0.000
glyph_sparse_1000_queries,66042,2.500
horizontal_source_100_eligibility,66042,65.545
horizontal_cached_100_eligibility,66042,0.005
glyph_dense_construction,1048572,10.785
glyph_sparse_construction,1048572,20.130
glyph_dense_1000_queries,1048572,0.000
glyph_sparse_1000_queries,1048572,2.375
horizontal_source_100_eligibility,1048572,1028.130
horizontal_cached_100_eligibility,1048572,0.005
